key,doi,estado,url_o_candidatas,bytes,nota
AbdelGhaffar2015length,10.1007/s00436-015-4506-z,sin_copia_abierta,,0,openalex_not_oa|sin_candidatas
Abrantes2021development,10.3389/fphar.2021.760682,ya_estaba,,1901321,
Abrantes2022repellent,10.1186/s12951-022-01729-7,fallo,https://europepmc.org/backend/ptpmcrender.fcgi?accid=PMC9741802&blobtype=pdf;https://jnanobiotechnology.biomedcentral.com/counter/pdf/10.1186/s12951-022-01729-7;https://link.springer.com/content/pdf/10.1186/s12951-022-01729-7.pdf,0,oa|no_es_pdf
Abudu2025evaluation,10.1186/s13071-025-06946-1,fallo,https://europepmc.org/backend/ptpmcrender.fcgi?accid=PMC12505549&blobtype=pdf;https://parasitesandvectors.biomedcentral.com/counter/pdf/10.1186/s13071-025-06946-1;https://link.springer.com/content/pdf/10.1186/s13071-025-06946-1.pdf,0,oa|no_es_pdf
AERUir3535,,fallo,https://sitem.herts.ac.uk/aeru/bpdb/Reports/2194.htm,0,url_directa|http_404
Afify2019commonly,10.1016/j.cub.2019.09.007,fallo,https://europepmc.org/backend/ptpmcrender.fcgi?accid=PMC6832857&blobtype=pdf;http://www.cell.com/article/S0960982219311674/pdf;https://durham-repository.worktribe.com/preview/1301242/29668S.pdf;https://durham-repository.worktribe.com/output/1301215,0,oa|http_403
Agramonte2017comparative,10.1093/jme/tjw207,sin_copia_abierta,,0,openalex_not_oa|sin_candidatas
Andrade2022polymeric,10.3390/ijms23158317,fallo,https://europepmc.org/backend/ptpmcrender.fcgi?accid=PMC9368950&blobtype=pdf;https://www.mdpi.com/1422-0067/23/15/8317/pdf?version=1660120393,0,oa|http_403
Andreev2026novel,10.21684/0132-8077-2026-34-1-115-121,ya_estaba,,1398811,
Antwi2008risk,10.1016/j.yrtph.2008.03.002,sin_copia_abierta,,0,openalex_not_oa|sin_candidatas
ASTM2000e939,10.1520/E0939-94R00,sin_copia_abierta,,0,openalex_not_oa|sin_candidatas
Badolo2004evaluation,10.1111/j.1365-3156.2004.01206.x,fallo,https://onlinelibrary.wiley.com/doi/pdfdirect/10.1111/j.1365-3156.2004.01206.x,0,oa|http_403
Barcelos2024commercial,10.3390/pathogens13010009,fallo,https://europepmc.org/backend/ptpmcrender.fcgi?accid=PMC10820340&blobtype=pdf;https://www.mdpi.com/2076-0817/13/1/9/pdf?version=1703132395;https://pmc.ncbi.nlm.nih.gov/articles/PMC10820340/pdf/pathogens-13-00009.pdf,0,oa|no_es_pdf
Barnard2002repellency,10.1603/0022-2585-39.6.895,fallo,https://academic.oup.com/jme/article-pdf/39/6/895/18207003/jmedent39-0895.pdf,0,oa|http_403
Barnard2004laboratory,10.1603/0022-2585-41.4.726,fallo,https://academic.oup.com/jme/article-pdf/41/4/726/18210744/jmedent41-0726.pdf,0,oa|http_403
Barnard2005biological,10.2987/8756-971X(2005)21[12:BAMFMR]2.0.CO;2,sin_copia_abierta,,0,openalex_not_oa|sin_candidatas
Barradas2016polymer,10.2174/1567201813666151207110515,sin_copia_abierta,,0,openalex_not_oa|sin_candidatas
Bissinger2010tick,10.1016/j.pestbp.2009.09.010,sin_copia_abierta,,0,openalex_not_oa|sin_candidatas
Bohbot2010insect,10.1371/journal.pone.0012138,ya_estaba,,810696,
Bonadies2018electrospun,10.1063/1.5045974,sin_copia_abierta,,0,openalex_not_oa|sin_candidatas
Bonadies2019biodegradable,10.1016/j.eurpolymj.2019.02.001,fallo,,0,oa|sin_candidatas
Buchel2015repellent,10.1016/j.ttbdis.2015.03.019,sin_copia_abierta,,0,openalex_not_oa|sin_candidatas
Buchel2025comparative,,fallo,https://icup.org.uk/conferences/2025/posters/comparative-study-of-exotic-tick-species-for-human-repellent-registration/,0,url_directa|http_503
Buka2004sunscreens,10.1097/01.mop.0000133082.32384.76,sin_copia_abierta,,0,openalex_not_oa|sin_candidatas
Burtis2023comparison,10.1186/s13071-023-05845-7,fallo,https://europepmc.org/backend/ptpmcrender.fcgi?accid=PMC10334584&blobtype=pdf;https://parasitesandvectors.biomedcentral.com/counter/pdf/10.1186/s13071-023-05845-7;https://pmc.ncbi.nlm.nih.gov/articles/PMC10334584/pdf/13071_2023_Article_5845.pdf;https://link.springer.com/content/pdf/10.1186/s13071-02,0,oa|no_es_pdf
Burtis2024efficacy,10.1186/s13071-024-06146-3,fallo,https://europepmc.org/backend/ptpmcrender.fcgi?accid=PMC10835920&blobtype=pdf;https://parasitesandvectors.biomedcentral.com/counter/pdf/10.1186/s13071-024-06146-3;https://pmc.ncbi.nlm.nih.gov/articles/PMC10835920/pdf/13071_2024_Article_6146.pdf;https://link.springer.com/content/pdf/10.1186/s13071-02,0,oa|no_es_pdf
Carroll2004comparative,10.1603/0022-2585-41.2.249,sin_copia_abierta,,0,openalex_not_oa|sin_candidatas
Carroll2008prolonged,10.1093/jmedent/45.4.706,fallo,https://academic.oup.com/jme/article-pdf/45/4/706/18214557/jmedent45-0706.pdf,0,oa|http_403
Carroll2008twelve,10.1111/j.1365-2915.2008.00721.x,sin_copia_abierta,,0,openalex_not_oa|sin_candidatas
Carroll2010formulations,10.1603/ME09239,fallo,https://europepmc.org/backend/ptpmcrender.fcgi?accid=PMC7027251&blobtype=pdf;https://academic.oup.com/jme/article-pdf/47/4/699/32517127/jmedent47-0699.pdf,0,oa|http_403
Carroll2014solvent,10.1603/ME12214,fallo,https://academic.oup.com/jme/article-pdf/51/3/629/18248847/jmedent51-0629.pdf,0,oa|http_403
Cecone2018controlled,10.3390/molecules23071694,fallo,https://europepmc.org/backend/ptpmcrender.fcgi?accid=PMC6100364&blobtype=pdf;https://www.mdpi.com/1420-3049/23/7/1694/pdf?version=1531397797,0,oa|http_403
Chauhan2021evaluation,10.1093/jme/tjab065,sin_copia_abierta,,0,openalex_not_oa|sin_candidatas
Colucci2014evaluation,,fallo,https://icup.org.uk/media/4j4nwprf/icup1105.pdf,0,url_directa|http_503
Colucci2017evaluation,10.5451/unibas-006808320,fallo,https://edoc.unibas.ch/62558/1/Dissertation_Barbara%20Colucci_2018.pdf,0,oa|no_es_pdf
Colucci2018evaluation,10.1038/s41598-018-30998-2,fallo,https://europepmc.org/backend/ptpmcrender.fcgi?accid=PMC6105713&blobtype=pdf;https://www.nature.com/articles/s41598-018-30998-2.pdf,0,oa|no_es_pdf
Costantini2004field,10.1016/j.trstmh.2003.12.015,sin_copia_abierta,,0,openalex_not_oa|sin_candidatas
Curtis1987relative,10.1111/j.1365-2915.1987.tb00331.x,sin_copia_abierta,,0,openalex_not_oa|sin_candidatas
DagarRamakrishna2024plant,10.1007/s42690-024-01329-y,sin_copia_abierta,,0,openalex_not_oa|sin_candidatas
Dautel2002invivo,,fallo,https://icup.org.uk/conferences/2002/papers/in-vivo-test-method-for-repellents-against-the-hard-tick-ixodes-ricinus-acari-ixodidae-main-vector-of-lyme-borreliosis-and-tbe-in-europe/,0,url_directa|http_503
Dautel2013efficacy,10.1016/j.ttbdis.2012.11.007,sin_copia_abierta,,0,openalex_not_oa|sin_candidatas
Daza2020polymer,10.1007/s00396-020-04639-y,sin_copia_abierta,,0,openalex_not_oa|sin_candidatas
Debboun2014handbook,10.1201/b17407,sin_copia_abierta,,0,openalex_not_oa|sin_candidatas
DeGennaro2013orco,10.1038/nature12206,fallo,https://europepmc.org/backend/ptpmcrender.fcgi?accid=PMC3696029&blobtype=pdf,0,oa|http_403
DeGennaro2015mysterious,10.1080/19336934.2015.1079360,fallo,https://europepmc.org/backend/ptpmcrender.fcgi?accid=PMC4594586&blobtype=pdf;https://www.tandfonline.com/doi/pdf/10.1080/19336934.2015.1079360?needAccess=true,0,oa|http_403
Dennis2019aedes,10.1016/j.cub.2019.04.004,fallo,https://europepmc.org/backend/ptpmcrender.fcgi?accid=PMC6504582&blobtype=pdf;http://www.cell.com/article/S0960982219304026/pdf,0,oa|http_403
Diaz2016chemical,10.1016/j.wem.2015.11.007,sin_copia_abierta,,0,openalex_not_oa|sin_candidatas
Dickens2013minireview,10.1016/j.pestbp.2013.02.006,sin_copia_abierta,,0,openalex_not_oa|sin_candidatas
Ditzen2008insect,10.1126/science.1153121,sin_copia_abierta,,0,openalex_not_oa|sin_candidatas
Donchai2022controlled,10.29090/psa.2022.05.22.110,ya_estaba,,2276613,
ECHA2023efficacy,,fallo,https://echa.europa.eu/guidance-documents/guidance-on-biocides-legislation,0,url_directa|http_403
ECHAhumanhealth,,fallo,https://www.echa.europa.eu/documents/10162/15623299/biocides_guidance_human_health_ra_iii_part_bc_en.pdf/30d53d7d-9723-7db4-357a-ca68739f5094,0,url_directa|http_403
EPA2010LNX003,,ya_estaba,,188693,
EU2010deetdirective,,fallo,https://eur-lex.europa.eu/eli/dir/2010/51/oj/eng,0,url_directa|no_es_pdf
EU2012bpr,,fallo,https://eur-lex.europa.eu/eli/reg/2012/528/oj,0,url_directa|no_es_pdf
EU2014ir3535,,fallo,https://eur-lex.europa.eu/legal-content/EN/TXT/?uri=CELEX:32014R0406,0,url_directa|no_es_pdf
EU2020icaridin,,fallo,https://eur-lex.europa.eu/eli/reg_impl/2020/1086/oj,0,url_directa|no_es_pdf
Fediuk2010tissue,10.1177/1091581810380147,sin_copia_abierta,,0,openalex_not_oa|sin_candidatas
Fediuk2011tissue,10.1002/bdd.765,sin_copia_abierta,,0,openalex_not_oa|sin_candidatas
Fernandes2021efficacy,10.1016/j.tmaid.2021.102179,fallo,,0,oa|sin_candidatas
Fradin1998mosquitoes,10.7326/0003-4819-128-11-199806010-00013,sin_copia_abierta,,0,openalex_not_oa|sin_candidatas
Fradin2002comparative,10.1056/NEJMoa011699,fallo,https://www.nejm.org/doi/pdf/10.1056/NEJMoa011699?articleTools=true,0,oa|http_403
Frances2004field,10.1603/0022-2585-41.3.414,fallo,https://academic.oup.com/jme/article-pdf/41/3/414/18209425/jmedent41-0414.pdf,0,oa|http_403
Frances2009comparative,10.2987/Moco-09-5938.1,sin_copia_abierta,,0,openalex_not_oa|sin_candidatas
Frances2013field,10.2987/13-6348R.1,sin_copia_abierta,,0,openalex_not_oa|sin_candidatas
Frances2014comparative,10.2987/13-6366.1,sin_copia_abierta,,0,openalex_not_oa|sin_candidatas
Gervais2009picaridintech,,fallo,https://npic.orst.edu/factsheets/archive/Picaridintech.html,0,url_directa|no_es_pdf
Golenda1999gender,10.4269/ajtmh.1999.60.654,sin_copia_abierta,,0,openalex_not_oa|sin_candidatas
Gomes2019encapsulation,10.1002/app.47139,sin_copia_abierta,,0,openalex_not_oa|sin_candidatas
Goodyer2010expert,10.1111/j.1708-8305.2010.00402.x,sin_copia_abierta,,0,openalex_not_oa|sin_candidatas
Goodyer2018mosquito,10.1093/jtm/tay005,fallo,https://academic.oup.com/jtm/article-pdf/25/suppl_1/S10/27714235/tay005.pdf,0,oa|http_403
Govere2000efficacy,10.1046/j.1365-2915.2000.00261.x,sin_copia_abierta,,0,openalex_not_oa|sin_candidatas
Gu2004invitro,10.1211/0022357023402,sin_copia_abierta,,0,openalex_not_oa|sin_candidatas
Gu2009invitro,10.1080/10837450802647318,sin_copia_abierta,,0,openalex_not_oa|sin_candidatas
Gupta1989cage,,fallo,https://biodiversitylibrary.org/part/126093,0,url_directa|http_403
Gupta1989laboratory,10.1093/jmedent/26.5.468,sin_copia_abierta,,0,openalex_not_oa|sin_candidatas
GutierrezBeleno2023efficient,10.21577/0103-5053.20220084,fallo,https://doi.org/10.21577/0103-5053.20220084,0,oa|http_404
Hexsel2008current,10.1016/j.jaad.2008.03.038,sin_copia_abierta,,0,openalex_not_oa|sin_candidatas
Iscan2006deet,10.1080/02652040500444198,sin_copia_abierta,,0,openalex_not_oa|sin_candidatas
Jackson2008deettech,,fallo,https://npic.orst.edu/factsheets/archive/DEETtech.html,0,url_directa|no_es_pdf
Jensenius2005repellent,10.1016/j.trstmh.2005.01.006,sin_copia_abierta,,0,openalex_not_oa|sin_candidatas
Kadam2019sustained,10.1016/j.colsurfa.2019.123883,sin_copia_abierta,,0,openalex_not_oa|sin_candidatas
Karr2012novel,10.1016/j.jconrel.2012.04.023,sin_copia_abierta,,0,openalex_not_oa|sin_candidatas
Kasichayanula2007percutaneous,10.1016/j.taap.2007.05.016,sin_copia_abierta,,0,openalex_not_oa|sin_candidatas
Kasting2008microencapsulation,10.1016/j.tiv.2007.11.003,sin_copia_abierta,,0,openalex_not_oa|sin_candidatas
Kasting2008spreadsheet,10.1080/15459620802304245,sin_copia_abierta,,0,openalex_not_oa|sin_candidatas
Katz2008insect,10.1016/j.jaad.2007.10.005,sin_copia_abierta,,0,openalex_not_oa|sin_candidatas
Kawaguchi2023poly,10.1371/journal.pone.0292447,ya_estaba,,2048490,
Khan1973study,10.1093/jee/66.2.437,sin_copia_abierta,,0,openalex_not_oa|sin_candidatas
Khan1975addition,,fallo,https://www.biodiversitylibrary.org/part/130578,0,url_directa|http_403
Klun2000module,10.1603/0022-2585-37.1.177,sin_copia_abierta,,0,openalex_not_oa|sin_candidatas
Klun2005invitro,10.2987/8756-971X(2005)21[64:ANIVBS]2.0.CO;2,sin_copia_abierta,,0,openalex_not_oa|sin_candidatas
Klun2006repellent,10.1603/0022-2585(2006)043[0034:RADEOS]2.0.CO;2,sin_copia_abierta,,0,openalex_not_oa|sin_candidatas
Koren2003deet,,fallo,https://pmc.ncbi.nlm.nih.gov/articles/PMC167123/,0,url_directa|no_es_pdf
Kroeber2013standardised,10.1016/j.pestbp.2013.06.008,sin_copia_abierta,,0,openalex_not_oa|sin_candidatas
Lajeunesse2020infected,10.1093/jme/tjz209,sin_copia_abierta,,0,openalex_not_oa|sin_candidatas
Lawrence2014field,10.1603/ME14075,sin_copia_abierta,,0,openalex_not_oa|sin_candidatas
Licciardi2006lethal,10.1111/j.1365-2915.2006.00630.x,sin_copia_abierta,,0,openalex_not_oa|sin_candidatas
Luker2024critical,10.3389/finsc.2024.1320138,ya_estaba,,1546153,
Lupi2013efficacy,10.1016/j.tmaid.2013.10.005,sin_copia_abierta,,0,openalex_not_oa|sin_candidatas
Mapossa2021mosquito,10.1186/s12936-021-03681-7,fallo,https://europepmc.org/backend/ptpmcrender.fcgi?accid=PMC7988998&blobtype=pdf;https://malariajournal.biomedcentral.com/counter/pdf/10.1186/s12936-021-03681-7;https://link.springer.com/content/pdf/10.1186/s12936-021-03681-7.pdf,0,oa|no_es_pdf
Mapossa2024electrospun,10.1002/mame.202400130,fallo,https://onlinelibrary.wiley.com/doi/pdfdirect/10.1002/mame.202400130,0,oa|http_403
Mbuba2021single,10.1186/s12936-020-03461-9,fallo,https://europepmc.org/backend/ptpmcrender.fcgi?accid=PMC7788821&blobtype=pdf;https://malariajournal.biomedcentral.com/track/pdf/10.1186/s12936-020-03461-9;https://link.springer.com/content/pdf/10.1186/s12936-020-03461-9.pdf,0,oa|no_es_pdf
McGready2001safety,10.4269/ajtmh.2001.65.285,fallo,,0,oa|sin_candidatas
Mehr1985laboratory,,fallo,https://www.biodiversitylibrary.org/part/125530,0,url_directa|http_403
Meng2016evaluation,10.1007/s10493-015-9994-0,sin_copia_abierta,,0,openalex_not_oa|sin_candidatas
Misni2019microencapsulation,10.22037/ijpr.2019.2351,sin_copia_abierta,,0,openalex_no_record|sin_candidatas
Montemarano1997insect,10.1016/S0140-6736(05)62637-2,sin_copia_abierta,,0,openalex_not_oa|sin_candidatas
Moody1990automated,10.1016/0887-2333(90)90021-k,sin_copia_abierta,,0,openalex_not_oa|sin_candidatas
Moody1993automated,10.1016/0887-2333(93)90128-r,sin_copia_abierta,,0,openalex_not_oa|sin_candidatas
MorenoGomez2021two,10.1093/jme/tjab050,fallo,https://europepmc.org/backend/ptpmcrender.fcgi?accid=PMC8285018&blobtype=pdf;https://academic.oup.com/jme/article-pdf/58/4/1826/39071645/tjab050.pdf,0,oa|http_403
Murphy2000effect,10.1067/mjd.2000.107960,sin_copia_abierta,,0,openalex_not_oa|sin_candidatas
Nagai2022nn,10.3390/molecules27103174,fallo,https://europepmc.org/backend/ptpmcrender.fcgi?accid=PMC9146378&blobtype=pdf;https://www.mdpi.com/1420-3049/27/10/3174/pdf?version=1652774414,0,oa|http_403
Nair2021development,10.4274/tjps.galenos.2020.88725,ya_estaba,,1771710,
Naucke2007field,10.1007/s00436-006-0450-2,sin_copia_abierta,,0,openalex_not_oa|sin_candidatas
Nguyen2023insect,10.1016/j.jaad.2018.10.053,sin_copia_abierta,,0,openalex_not_oa|sin_candidatas
Obermayr2010novel,10.1603/ME10093,fallo,https://academic.oup.com/jme/article-pdf/47/6/1116/6300464/jmedent47-1116.pdf,0,oa|http_403
Osimitz1997neurological,10.3109/15563659709001224,sin_copia_abierta,,0,openalex_not_oa|sin_candidatas
Osimitz2010adverse,10.1016/j.yrtph.2009.09.004,sin_copia_abierta,,0,openalex_not_oa|sin_candidatas
Pages2014tick,10.1089/vbz.2013.1410,sin_copia_abierta,,0,openalex_not_oa|sin_candidatas
Peng2022mosquito,10.3390/molecules27175534,fallo,https://europepmc.org/backend/ptpmcrender.fcgi?accid=PMC9458079&blobtype=pdf;https://www.mdpi.com/1420-3049/27/17/5534/pdf?version=1661683496,0,oa|http_403
Pereira2026deet,10.1002/ps.71001,fallo,https://europepmc.org/backend/ptpmcrender.fcgi?accid=PMC13569254&blobtype=pdf;https://pmc.ncbi.nlm.nih.gov/articles/PMC13569254/pdf/PS-82-9653.pdf,0,oa|no_es_pdf
PMRA2017value,,fallo,https://www.canada.ca/en/health-canada/services/consumer-product-safety/reports-publications/pesticides-pest-management/policies-guidelines/value-new-personal-insect-repellent-products-label-amendments.html,0,url_directa|no_es_pdf
Pretorius2003repellent,10.1603/0022-2585-40.2.245,sin_copia_abierta,,0,openalex_not_oa|sin_candidatas
Proniuk2002topical,10.1002/jps.1172,sin_copia_abierta,,0,openalex_not_oa|sin_candidatas
Qiu1998formulation,10.1016/s0378-5173(97)00379-7,sin_copia_abierta,,0,openalex_not_oa|sin_candidatas
Rogerio2022cellulose,10.1021/acsabm.1c01286,fallo,,0,oa|sin_candidatas
Ross2000reduction,10.1016/s0168-3659(00)00210-8,sin_copia_abierta,,0,openalex_not_oa|sin_candidatas
Ross2004insect,10.1124/dmd.32.8.783,sin_copia_abierta,,0,openalex_not_oa|sin_candidatas
Rutledge1999variation,,fallo,https://www.biodiversitylibrary.org/part/127081,0,url_directa|http_403
Rutledge2006animal,10.1201/9781420006650.ch7,sin_copia_abierta,,0,openalex_not_oa|sin_candidatas
Salafsky2000short,10.4269/ajtmh.2000.62.169,sin_copia_abierta,,0,openalex_not_oa|sin_candidatas
Santhanam2004absorption,10.1016/j.taap.2004.08.016,sin_copia_abierta,,0,openalex_not_oa|sin_candidatas
Schofield2007exercise,10.1093/jmedent/44.6.1026,sin_copia_abierta,,0,openalex_not_oa|sin_candidatas
Schofield2007field,10.1093/jmedent/44.3.457,sin_copia_abierta,,0,openalex_not_oa|sin_candidatas
Schwantes2008prevention,10.1186/1756-3305-1-8,fallo,https://europepmc.org/backend/ptpmcrender.fcgi?accid=PMC2362118&blobtype=pdf;https://parasitesandvectors.biomedcentral.com/counter/pdf/10.1186/1756-3305-1-8;https://link.springer.com/content/pdf/10.1186/1756-3305-1-8.pdf,0,oa|no_es_pdf
Scott2014laboratory,10.2987/13-6368.1,sin_copia_abierta,,0,openalex_not_oa|sin_candidatas
Selim1995absorption,10.1006/faat.1995.1043,sin_copia_abierta,,0,openalex_not_oa|sin_candidatas
Semmler2011comparison,10.1007/s00436-010-2131-4,sin_copia_abierta,,0,openalex_not_oa|sin_candidatas
Silva2024development,10.1016/j.jddst.2024.106297,fallo,,0,oa|sin_candidatas
Soares2010repellent,10.4322/rbpv.01901003,ya_estaba,,541699,
Solberg1995field,10.1093/jmedent/32.6.870,sin_copia_abierta,,0,openalex_not_oa|sin_candidatas
Staub2002effectiveness,10.1580/1080-6032(2002)013[0012:EOARCD]2.0.CO;2,fallo,http://www.wemjournal.org/article/S1080603202705814/pdf,0,oa|http_403
Straumer2008invitro,10.17169/refubium-9774,fallo,,0,oa|sin_candidatas
Sudakin2003deet,10.1081/CLT-120025348,sin_copia_abierta,,0,openalex_not_oa|sin_candidatas
Syed2008mosquitoes,10.1073/pnas.0805312105,fallo,https://europepmc.org/backend/ptpmcrender.fcgi?accid=PMC2518096&blobtype=pdf,0,oa|http_403
Tavares2018trends,10.1016/j.ijpharm.2018.01.046,sin_copia_abierta,,0,openalex_not_oa|sin_candidatas
Thavara2001laboratory,,fallo,https://www.biodiversitylibrary.org/part/127207,0,url_directa|http_403
USEPA1998red,,ya_estaba,,550357,
USEPA1998redfacts,,ya_estaba,,116155,
USEPA2010oppts,,ya_estaba,,182271,
USEPAir3535,,fallo,https://archive.epa.gov/pesticides/chemicalsearch/chemical/foia/web/html/113509.html,0,url_directa|no_es_pdf
USEPApicaridin,,fallo,https://archive.epa.gov/pesticides/chemicalsearch/chemical/foia/web/html/070705.html,0,url_directa|URLError
Wang2006invitro,10.1016/j.ijpharm.2005.11.039,sin_copia_abierta,,0,openalex_not_oa|sin_candidatas
Wang2014evaluation,10.1016/j.apsb.2013.11.002,fallo,https://europepmc.org/backend/ptpmcrender.fcgi?accid=PMC4590294&blobtype=pdf;https://www.sciencedirect.com/science/article/pii/S2211383513001044/pdf,0,oa|http_403
WHO2001whopes4,,fallo,https://www.who.int/publications/i/item/who-cds-whopes-2001.2,0,url_directa|no_es_pdf
WHO2009guidelines,,fallo,https://wkc.who.int/resources/publications/i/item/WHO-HTM-NTD-WHOPES-2009.4,0,url_directa|http_404
Xu2014mosquito,10.1073/pnas.1417244111,fallo,https://europepmc.org/backend/ptpmcrender.fcgi?accid=PMC4246313&blobtype=pdf;https://www.pnas.org/content/pnas/111/46/16592.full.pdf,0,oa|http_403
Yadav2025sustained,10.1016/j.reactfunctpolym.2025.106460,sin_copia_abierta,,0,openalex_not_oa|sin_candidatas
Yener2022slow,10.1021/acsomega.1c05897,fallo,https://europepmc.org/backend/ptpmcrender.fcgi?accid=PMC8928517&blobtype=pdf;https://pubs.acs.org/doi/pdf/10.1021/acsomega.1c05897,0,oa|http_403
